season,team,home_wins,away_wins,total_wins
2010/2011,Rangers,14,16,30
2011/2012,Real Madrid CF,16,16,32
2012/2013,FC Bayern Munich,14,15,29
2013/2014,Celtic,16,15,31
2015/2016,Paris Saint-Germain,15,15,30
2008/2009,Chelsea,11,14,25
2010/2011,Celtic,15,14,29
2010/2011,FC Barcelona,16,14,30
2011/2012,Rangers,12,14,26
2012/2013,FC Barcelona,18,14,32
2013/2014,FC Bayern Munich,15,14,29
2013/2014,Juventus,19,14,33
2014/2015,Celtic,15,14,29
2014/2015,FC Barcelona,16,14,30
2014/2015,Real Madrid CF,16,14,30
2015/2016,SL Benfica,15,14,29
2015/2016,Sporting CP,13,14,27
2008/2009,FC Barcelona,14,13,27
2008/2009,Liverpool,12,13,25
2009/2010,FC Barcelona,18,13,31
2009/2010,Real Madrid CF,18,13,31
2010/2011,FC Porto,14,13,27
2010/2011,Real Madrid CF,16,13,29
2011/2012,Celtic,17,13,30
2011/2012,Manchester United,15,13,28
2012/2013,Juventus,14,13,27
2013/2014,Atlético Madrid,15,13,28
2014/2015,PSV,16,13,29
2015/2016,Atlético Madrid,15,13,28
2015/2016,FC Barcelona,16,13,29
2015/2016,FC Bayern Munich,15,13,28
2015/2016,Juventus,16,13,29
2015/2016,PSV,13,13,26
2008/2009,FC Porto,9,12,21
2008/2009,Manchester United,16,12,28
2008/2009,Olympique de Marseille,10,12,22
2011/2012,Milan,11,12,23
2012/2013,Lech Poznań,7,12,19
2012/2013,Manchester United,16,12,28
2012/2013,Paris Saint-Germain,13,12,25
2012/2013,SL Benfica,12,12,24
2013/2014,Paris Saint-Germain,15,12,27
2014/2015,AS Monaco,8,12,20
2014/2015,FC Basel,12,12,24
2014/2015,SL Benfica,15,12,27
2015/2016,Ajax,13,12,25
2015/2016,Celtic,14,12,26
2015/2016,FC Basel,14,12,26
2015/2016,Real Madrid CF,16,12,28
2008/2009,AZ,14,11,25
2008/2009,FC Zürich,13,11,24
2008/2009,Inter,14,11,25
2008/2009,Rangers,15,11,26
2008/2009,Real Madrid CF,14,11,25
2009/2010,Ajax,16,11,27
2009/2010,Celtic,14,11,25
2009/2010,FC Basel,14,11,25
2009/2010,FC Twente,16,11,27
2009/2010,Manchester United,16,11,27
2009/2010,RSC Anderlecht,11,11,22
2009/2010,Rangers,15,11,26
2009/2010,Wisła Kraków,8,11,19
2010/2011,Bayer 04 Leverkusen,9,11,20
2010/2011,Borussia Dortmund,12,11,23
2010/2011,Milan,13,11,24
2010/2011,Valencia CF,10,11,21
2011/2012,Ajax,12,11,23
2011/2012,Borussia Dortmund,14,11,25
2011/2012,FC Barcelona,17,11,28
2012/2013,Ajax,11,11,22
2012/2013,SV Zulte-Waregem,8,11,19
2013/2014,AS Monaco,12,11,23
2013/2014,Arsenal,13,11,24
2013/2014,Borussia Dortmund,11,11,22
2013/2014,FC Barcelona,16,11,27
2013/2014,Real Madrid CF,16,11,27
2013/2014,Roma,15,11,26
2013/2014,SL Benfica,12,11,23
2014/2015,Aberdeen,12,11,23
2014/2015,Chelsea,15,11,26
2014/2015,FC Bayern Munich,14,11,25
2015/2016,FC Porto,12,11,23
2015/2016,Leicester City,12,11,23
2008/2009,Aston Villa,7,10,17
2008/2009,BSC Young Boys,12,10,22
2008/2009,Celtic,14,10,24
2008/2009,FC Basel,12,10,22
2008/2009,Girondins de Bordeaux,14,10,24
2008/2009,Juventus,11,10,21
2008/2009,Olympique Lyonnais,10,10,20
2008/2009,RSC Anderlecht,14,10,24
2008/2009,Sevilla FC,11,10,21
2009/2010,BSC Young Boys,15,10,25
2009/2010,Chelsea,17,10,27
2009/2010,PSV,13,10,23
2009/2010,SL Benfica,14,10,24
2010/2011,1. FSV Mainz 05,8,10,18
2010/2011,FC Zürich,11,10,21
2011/2012,FC Porto,13,10,23
2011/2012,Juventus,12,10,22
2011/2012,Manchester City,18,10,28
2011/2012,SC Heerenveen,8,10,18
2012/2013,Arsenal,11,10,21
2012/2013,Chelsea,12,10,22
2012/2013,FC Porto,14,10,24
2012/2013,Tottenham Hotspur,11,10,21
2012/2013,Vitesse,9,10,19
2013/2014,Aberdeen,10,10,20
2013/2014,Chelsea,15,10,25
2013/2014,Fiorentina,9,10,19
2013/2014,Liverpool,16,10,26
2013/2014,Manchester City,17,10,27
2013/2014,Manchester United,9,10,19
2013/2014,Napoli,13,10,23
2013/2014,Sporting CP,10,10,20
2013/2014,Tottenham Hotspur,11,10,21
2014/2015,AZ,9,10,19
2014/2015,Arsenal,12,10,22
2014/2015,FC Porto,15,10,25
2014/2015,Juventus,16,10,26
2014/2015,Manchester City,14,10,24
2014/2015,Sevilla FC,13,10,23
2014/2015,Sporting CP,12,10,22
2015/2016,Aberdeen,12,10,22
2015/2016,Borussia Dortmund,14,10,24
2015/2016,Roma,13,10,23
2008/2009,Arsenal,11,9,20
2008/2009,Everton,8,9,17
2008/2009,Lech Poznań,7,9,16
2008/2009,Sporting CP,11,9,20
2008/2009,Standard de Liège,15,9,24
2009/2010,AJ Auxerre,11,9,20
2009/2010,Aston Villa,8,9,17
2009/2010,Dundee United,8,9,17
2009/2010,FC Porto,12,9,21
2009/2010,Inter,15,9,24
2009/2010,Olympique de Marseille,14,9,23
2009/2010,Roma,15,9,24
2009/2010,SV Werder Bremen,8,9,17
2009/2010,Sevilla FC,10,9,19
2010/2011,Ajax,13,9,22
2010/2011,FC Twente,12,9,21
2010/2011,Heart of Midlothian,9,9,18
2010/2011,Napoli,12,9,21
2010/2011,SL Benfica,11,9,20
2010/2011,Udinese,11,9,20
2011/2012,Arsenal,12,9,21
2011/2012,FC Basel,13,9,22
2011/2012,FC Bayern Munich,14,9,23
2011/2012,Feyenoord,12,9,21
2011/2012,LOSC Lille,12,9,21
2011/2012,Montpellier Hérault SC,16,9,25
2011/2012,Motherwell,9,9,18
2011/2012,Paris Saint-Germain,14,9,23
2011/2012,Stade Rennais FC,8,9,17
2012/2013,Atlético Madrid,14,9,23
2012/2013,Borussia Dortmund,10,9,19
2012/2013,Celtic,15,9,24
2012/2013,Grasshopper Club Zürich,11,9,20
2012/2013,Manchester City,14,9,23
2012/2013,Motherwell,9,9,18
2012/2013,Napoli,14,9,23
2012/2013,Olympique de Marseille,12,9,21
2012/2013,Real Madrid CF,17,9,26
2012/2013,Sporting Lokeren,5,9,14
2013/2014,Bayer 04 Leverkusen,10,9,19
2013/2014,Estoril Praia,6,9,15
2013/2014,Grasshopper Club Zürich,10,9,19
2013/2014,Motherwell,13,9,22
2013/2014,Olympique Lyonnais,8,9,17
2014/2015,Ajax,12,9,21
2014/2015,Atlético Madrid,14,9,23
2014/2015,FC Zürich,6,9,15
2014/2015,Fiorentina,9,9,18
2014/2015,Inverness Caledonian Thistle,10,9,19
2014/2015,Paris Saint-Germain,15,9,24
2014/2015,Roma,10,9,19
2014/2015,Tottenham Hotspur,10,9,19
2015/2016,Legia Warszawa,8,9,17
2015/2016,Napoli,16,9,25
2015/2016,Tottenham Hotspur,10,9,19
2008/2009,AJ Auxerre,8,8,16
2008/2009,Ajax,13,8,21
2008/2009,Bayer 04 Leverkusen,6,8,14
2008/2009,FC Bayern Munich,12,8,20
2008/2009,FC Twente,12,8,20
2008/2009,GKS Bełchatów,9,8,17
2008/2009,KAA Gent,9,8,17
2008/2009,KRC Genk,7,8,15
2008/2009,Milan,14,8,22
2008/2009,P. Warszawa,7,8,15
2008/2009,PSV,11,8,19
2008/2009,SL Benfica,9,8,17
2009/2010,AZ,11,8,19
2009/2010,Arsenal,15,8,23
2009/2010,FC Bayern Munich,12,8,20
2009/2010,FC Schalke 04,11,8,19
2009/2010,Feyenoord,9,8,17
2009/2010,Milan,12,8,20
2009/2010,Montpellier Hérault SC,12,8,20
2009/2010,Olympique Lyonnais,12,8,20
2009/2010,SC Braga,14,8,22
2009/2010,Valencia CF,13,8,21
2010/2011,Arsenal,11,8,19
2010/2011,FC Basel,13,8,21
2010/2011,Inter,15,8,23
2010/2011,KRC Genk,11,8,19
2010/2011,LOSC Lille,13,8,21
2010/2011,Manchester City,13,8,21
2010/2011,Olympique de Marseille,10,8,18
2010/2011,PSV,12,8,20
2010/2011,RSC Anderlecht,11,8,19
2011/2012,Borussia Mönchengladbach,9,8,17
2011/2012,Dundee United,8,8,16
2011/2012,FC Twente,9,8,17
2011/2012,Liverpool,6,8,14
2011/2012,Newcastle United,11,8,19
2011/2012,St. Johnstone FC,6,8,14
2011/2012,Widzew Łódź,6,8,14
2011/2012,Śląsk Wrocław,9,8,17
2012/2013,FC Utrecht,11,8,19
2012/2013,Fiorentina,13,8,21
2012/2013,Inter,8,8,16
2012/2013,Legia Warszawa,12,8,20
2012/2013,Milan,13,8,21
2012/2013,Olympique Lyonnais,11,8,19
2012/2013,PSV,14,8,22
2012/2013,Piast Gliwice,5,8,13
2012/2013,RSC Anderlecht,12,8,20
2012/2013,Real Sociedad,10,8,18
2012/2013,Roma,10,8,18
2013/2014,AS Saint-Étienne,12,8,20
2013/2014,Everton,13,8,21
2013/2014,FC Basel,11,8,19
2013/2014,FC Twente,9,8,17
2013/2014,FC Zürich,6,8,14
2013/2014,Feyenoord,12,8,20
2013/2014,Inverness Caledonian Thistle,8,8,16
2013/2014,Legia Warszawa,12,8,20
2013/2014,RC Celta de Vigo,6,8,14
2013/2014,Villarreal CF,9,8,17
2014/2015,KV Kortrijk,8,8,16
2014/2015,Lazio,12,8,20
2014/2015,Liverpool,10,8,18
2014/2015,Olympique Lyonnais,14,8,22
2014/2015,Olympique de Marseille,13,8,21
2014/2015,RSC Anderlecht,8,8,16
2014/2015,St. Johnstone FC,8,8,16
2014/2015,Standard de Liège,8,8,16
2014/2015,Vitesse,8,8,16
2015/2016,AZ,10,8,18
2015/2016,Arsenal,12,8,20
2015/2016,BSC Young Boys,12,8,20
2015/2016,Bayer 04 Leverkusen,10,8,18
2015/2016,Feyenoord,11,8,19
2015/2016,Liverpool,8,8,16
2015/2016,RC Celta de Vigo,9,8,17
2015/2016,Sassuolo,8,8,16
2015/2016,St. Johnstone FC,8,8,16
2008/2009,1. FC Köln,4,7,11
2008/2009,Atlético Madrid,13,7,20
2008/2009,Borussia Dortmund,8,7,15
2008/2009,CD Nacional,8,7,15
2008/2009,Club Brugge KV,11,7,18
2008/2009,Fiorentina,14,7,21
2008/2009,Genoa,12,7,19
2008/2009,Hertha BSC Berlin,12,7,19
2008/2009,Lazio,8,7,15
2008/2009,Leixões SC,5,7,12
2008/2009,Málaga CF,8,7,15
2008/2009,Paris Saint-Germain,12,7,19
2008/2009,Racing Santander,5,7,12
2008/2009,SV Zulte-Waregem,9,7,16
2008/2009,VfB Stuttgart,12,7,19
2009/2010,AS Nancy-Lorraine,6,7,13
2009/2010,Club Brugge KV,10,7,17
2009/2010,Girondins de Bordeaux,12,7,19
2009/2010,Grasshopper Club Zürich,14,7,21
2009/2010,Hamilton Academical FC,6,7,13
2009/2010,Juventus,9,7,16
2009/2010,KAA Gent,7,7,14
2009/2010,LOSC Lille,14,7,21
2009/2010,Lech Poznań,12,7,19
2009/2010,Tottenham Hotspur,14,7,21
2009/2010,Valenciennes FC,7,7,14
2009/2010,VfB Stuttgart,8,7,15
2009/2010,VfL Wolfsburg,7,7,14
2010/2011,1. FC Kaiserslautern,6,7,13
2010/2011,AZ,10,7,17
2010/2011,Atlético Madrid,10,7,17
2010/2011,BSC Young Boys,8,7,15
2010/2011,Chelsea,14,7,21
2010/2011,Hannover 96,12,7,19
2010/2011,Inverness Caledonian Thistle,7,7,14
2010/2011,Juventus,8,7,15
2010/2011,Kilmarnock,6,7,13
2010/2011,Lazio,13,7,20
2010/2011,Roda JC Kerkrade,7,7,14
2010/2011,Roma,11,7,18
2010/2011,Sevilla FC,10,7,17
2010/2011,Sporting CP,6,7,13
2010/2011,Tottenham Hotspur,9,7,16
2011/2012,AS Saint-Étienne,9,7,16
2011/2012,Bayer 04 Leverkusen,8,7,15
2011/2012,Club Brugge KV,12,7,19
2011/2012,FC Schalke 04,13,7,20
2011/2012,FC Zürich,4,7,11
2011/2012,Girondins de Bordeaux,9,7,16
2011/2012,Inter,10,7,17
2011/2012,KAA Gent,10,7,17
2011/2012,Lazio,10,7,17
2011/2012,Legia Warszawa,8,7,15
2011/2012,RSC Anderlecht,13,7,20
2011/2012,Ruch Chorzów,9,7,16
2011/2012,SC Braga,12,7,19
2011/2012,SL Benfica,14,7,21
2011/2012,Servette FC,7,7,14
2011/2012,Tottenham Hotspur,13,7,20
2011/2012,West Bromwich Albion,6,7,13
2012/2013,Bayer 04 Leverkusen,12,7,19
2012/2013,Club Brugge KV,8,7,15
2012/2013,Dundee United,4,7,11
2012/2013,FC Basel,14,7,21
2012/2013,FC St. Gallen,10,7,17
2012/2013,FC Twente,10,7,17
2012/2013,FC Zürich,9,7,16
2012/2013,Feyenoord,14,7,21
2012/2013,LOSC Lille,9,7,16
2012/2013,Lechia Gdańsk,3,7,10
2012/2013,Liverpool,9,7,16
2012/2013,OGC Nice,11,7,18
2012/2013,RAEC Mons,6,7,13
2012/2013,Rayo Vallecano,9,7,16
2012/2013,Real Betis Balompié,9,7,16
2012/2013,Rio Ave FC,5,7,12
2012/2013,SC Braga,9,7,16
2012/2013,Stade Rennais FC,6,7,13
2012/2013,Udinese,11,7,18
2012/2013,VfB Stuttgart,5,7,12
2012/2013,VfL Wolfsburg,3,7,10
2013/2014,Ajax,13,7,20
2013/2014,Athletic Club de Bilbao,13,7,20
2013/2014,BSC Young Boys,10,7,17
2013/2014,FC Schalke 04,12,7,19
2013/2014,Inter,8,7,15
2013/2014,LOSC Lille,13,7,20
2013/2014,Newcastle United,8,7,15
2013/2014,PSV,11,7,18
2013/2014,Ruch Chorzów,7,7,14
2013/2014,SC Heerenveen,9,7,16
2013/2014,Sevilla FC,11,7,18
2013/2014,Southampton,8,7,15
2013/2014,Toulouse FC,5,7,12
2013/2014,VfL Wolfsburg,11,7,18
2013/2014,Vitesse,8,7,15
2014/2015,AS Saint-Étienne,12,7,19
2014/2015,Athletic Club de Bilbao,8,7,15
2014/2015,BSC Young Boys,12,7,19
2014/2015,Bayer 04 Leverkusen,10,7,17
2014/2015,Borussia Mönchengladbach,12,7,19
2014/2015,CF Os Belenenses,5,7,12
2014/2015,Club Brugge KV,10,7,17
2014/2015,Crystal Palace,6,7,13
2014/2015,FC Luzern,5,7,12
2014/2015,Feyenoord,10,7,17
2014/2015,Genoa,9,7,16
2014/2015,Hamilton Academical FC,8,7,15
2014/2015,Inter,7,7,14
2014/2015,KAA Gent,9,7,16
2014/2015,Legia Warszawa,10,7,17
2014/2015,Napoli,11,7,18
2014/2015,OGC Nice,6,7,13
2014/2015,Rayo Vallecano,8,7,15
2014/2015,Southampton,11,7,18
2014/2015,Swansea City,9,7,16
2014/2015,Valencia CF,15,7,22
2014/2015,VfL Wolfsburg,13,7,20
2015/2016,AS Monaco,10,7,17
2015/2016,AS Saint-Étienne,10,7,17
2015/2016,Angers SCO,6,7,13
2015/2016,Athletic Club de Bilbao,11,7,18
2015/2016,Chelsea,5,7,12
2015/2016,Club Brugge KV,14,7,21
2015/2016,FC Luzern,8,7,15
2015/2016,FC Schalke 04,8,7,15
2015/2016,Fiorentina,11,7,18
2015/2016,Hamilton Academical FC,4,7,11
2015/2016,Heart of Midlothian,11,7,18
2015/2016,Inter,13,7,20
2015/2016,Inverness Caledonian Thistle,7,7,14
2015/2016,KAA Gent,10,7,17
2015/2016,Lech Poznań,6,7,13
2015/2016,Manchester City,12,7,19
2015/2016,Manchester United,12,7,19
2015/2016,Motherwell,8,7,15
2015/2016,Olympique Lyonnais,12,7,19
2015/2016,Olympique de Marseille,3,7,10
2015/2016,SM Caen,9,7,16
2015/2016,SV Darmstadt 98,2,7,9
2015/2016,Southampton,11,7,18
2015/2016,Stade Rennais FC,6,7,13
2015/2016,West Ham United,9,7,16
2008/2009,Dundee United,7,6,13
2008/2009,FC Groningen,11,6,17
2008/2009,Hamburger SV,13,6,19
2008/2009,Inverness Caledonian Thistle,4,6,10
2008/2009,KV Mechelen,6,6,12
2008/2009,Legia Warszawa,12,6,18
2008/2009,Motherwell,7,6,13
2008/2009,NAC Breda,7,6,13
2008/2009,OGC Nice,7,6,13
2008/2009,RC Deportivo de La Coruña,10,6,16
2008/2009,Real Betis Balompié,4,6,10
2008/2009,Real Sporting de Gijón,8,6,14
2008/2009,SC Heerenveen,11,6,17
2008/2009,Sporting Lokeren,7,6,13
2008/2009,St. Mirren,3,6,9
2008/2009,TSG 1899 Hoffenheim,9,6,15
2008/2009,Toulouse FC,10,6,16
2008/2009,Valencia CF,12,6,18
2008/2009,Villarreal CF,12,6,18
2008/2009,Wisła Kraków,13,6,19
2009/2010,1. FC Köln,3,6,9
2009/2010,Borussia Dortmund,10,6,16
2009/2010,Chievo Verona,6,6,12
2009/2010,FC Lorient,10,6,16
2009/2010,FC St. Gallen,7,6,13
2009/2010,FC Utrecht,8,6,14
2009/2010,Getafe CF,11,6,17
2009/2010,Heracles Almelo,11,6,17
2009/2010,Hibernian,9,6,15
2009/2010,Lazio,5,6,11
2009/2010,Legia Warszawa,9,6,15
2009/2010,Manchester City,12,6,18
2009/2010,Napoli,9,6,15
2009/2010,Ruch Chorzów,10,6,16
2009/2010,Sampdoria,13,6,19
2009/2010,Sint-Truidense VV,6,6,12
2009/2010,St. Johnstone FC,6,6,12
2009/2010,TSG 1899 Hoffenheim,5,6,11
2010/2011,ADO Den Haag,10,6,16
2010/2011,Athletic Club de Bilbao,12,6,18
2010/2011,Club Brugge KV,10,6,16
2010/2011,FC Bayern Munich,13,6,19
2010/2011,FC Sion,9,6,15
2010/2011,FC Thun,5,6,11
2010/2011,KAA Gent,11,6,17
2010/2011,KVC Westerlo,5,6,11
2010/2011,Málaga CF,7,6,13
2010/2011,Olympique Lyonnais,11,6,17
2010/2011,Palermo,11,6,17
2010/2011,Paris Saint-Germain,9,6,15
2010/2011,Polonia Bytom,13,6,19
2010/2011,Stade Rennais FC,9,6,15
2010/2011,Toulouse FC,8,6,14
2010/2011,Wisła Kraków,11,6,17
2010/2011,Śląsk Wrocław,7,6,13
2011/2012,1. FC Nürnberg,6,6,12
2011/2012,AZ,13,6,19
2011/2012,BSC Young Boys,7,6,13
2011/2012,Bolton Wanderers,4,6,10
2011/2012,CD Nacional,7,6,13
2011/2012,Chelsea,12,6,18
2011/2012,FC Sion,9,6,15
2011/2012,Hibernian,2,6,8
2011/2012,KSV Cercle Brugge,7,6,13
2011/2012,Korona Kielce,7,6,13
2011/2012,Napoli,10,6,16
2011/2012,Olympique Lyonnais,13,6,19
2011/2012,PSV,15,6,21
2011/2012,Real Betis Balompié,7,6,13
2011/2012,Roma,10,6,16
2011/2012,S.C. Olhanense,3,6,9
2011/2012,Sporting CP,12,6,18
2011/2012,TSG 1899 Hoffenheim,4,6,10
2011/2012,Valencia CF,11,6,17
2011/2012,Vitesse,9,6,15
2011/2012,Vitória Guimarães,8,6,14
2011/2012,Wigan Athletic,5,6,11
2012/2013,Chievo Verona,6,6,12
2012/2013,FC Groningen,6,6,12
2012/2013,FC Paços de Ferreira,8,6,14
2012/2013,FC Schalke 04,10,6,16
2012/2013,FC Sion,7,6,13
2012/2013,Hamburger SV,8,6,14
2012/2013,Hibernian,7,6,13
2012/2013,Inverness Caledonian Thistle,7,6,13
2012/2013,Kilmarnock,5,6,11
2012/2013,Málaga CF,10,6,16
2012/2013,N.E.C.,4,6,10
2012/2013,P. Warszawa,5,6,11
2012/2013,Podbeskidzie Bielsko-Biała,2,6,8
2012/2013,SC Freiburg,8,6,14
2012/2013,Standard de Liège,9,6,15
2012/2013,Toulouse FC,7,6,13
2012/2013,Valencia CF,13,6,19
2013/2014,1. FSV Mainz 05,10,6,16
2013/2014,FC Augsburg,9,6,15
2013/2014,FC Luzern,9,6,15
2013/2014,FC Porto,13,6,19
2013/2014,Hellas Verona,10,6,16
2013/2014,Heracles Almelo,4,6,10
2013/2014,Olympique de Marseille,10,6,16
2013/2014,Parma,9,6,15
2013/2014,Partick Thistle F.C.,2,6,8
2013/2014,Rio Ave FC,2,6,8
2013/2014,Stade Rennais FC,5,6,11
2013/2014,Torino,9,6,15
2014/2015,Chievo Verona,4,6,10
2014/2015,Dundee FC,5,6,11
2014/2015,En Avant de Guingamp,9,6,15
2014/2015,FC Augsburg,9,6,15
2014/2015,FC Lorient,6,6,12
2014/2015,Heracles Almelo,5,6,11
2014/2015,Jagiellonia Białystok,8,6,14
2014/2015,Manchester United,14,6,20
2014/2015,Málaga CF,8,6,14
2014/2015,Polonia Bytom,5,6,11
2014/2015,SC Braga,11,6,17
2014/2015,Sampdoria,7,6,13
2014/2015,Sporting Charleroi,8,6,14
2014/2015,St. Mirren,3,6,9
2014/2015,Torino,8,6,14
2015/2016,1. FSV Mainz 05,8,6,14
2015/2016,ADO Den Haag,4,6,10
2015/2016,Bologna,5,6,11
2015/2016,Bournemouth,5,6,11
2015/2016,Chievo Verona,7,6,13
2015/2016,FC Augsburg,3,6,9
2015/2016,FC Paços de Ferreira,7,6,13
2015/2016,FC Utrecht,9,6,15
2015/2016,Grasshopper Club Zürich,9,6,15
2015/2016,Hamburger SV,5,6,11
2015/2016,Korona Kielce,3,6,9
2015/2016,LOSC Lille,9,6,15
2015/2016,Milan,9,6,15
2015/2016,Moreirense FC,3,6,9
2015/2016,OGC Nice,12,6,18
2015/2016,Partick Thistle F.C.,6,6,12
2015/2016,Podbeskidzie Bielsko-Biała,3,6,9
2015/2016,Real Sociedad,7,6,13
2015/2016,Stoke City,8,6,14
2015/2016,Torino,6,6,12
2015/2016,Villarreal CF,12,6,18
2015/2016,Watford,6,6,12
2015/2016,Zagłębie Lubin,6,6,12
2008/2009,AS Nancy-Lorraine,5,5,10
2008/2009,Aberdeen,9,5,14
2008/2009,Chievo Verona,3,5,8
2008/2009,FC Lorient,5,5,10
2008/2009,FC Schalke 04,9,5,14
2008/2009,Hamilton Academical FC,7,5,12
2008/2009,Heart of Midlothian,11,5,16
2008/2009,Hibernian,6,5,11
2008/2009,Hull City,3,5,8
2008/2009,KSV Cercle Brugge,9,5,14
2008/2009,KVC Westerlo,10,5,15
2008/2009,Kilmarnock,7,5,12
2008/2009,LOSC Lille,12,5,17
2008/2009,RCD Mallorca,9,5,14
2008/2009,Roma,13,5,18
2008/2009,SC Braga,8,5,13
2008/2009,Udinese,11,5,16
2008/2009,VfL Wolfsburg,16,5,21
2008/2009,Vitória Guimarães,5,5,10
2008/2009,West Ham United,9,5,14
2009/2010,AS Saint-Étienne,5,5,10
2009/2010,Birmingham City,8,5,13
2009/2010,Eintracht Frankfurt,7,5,12
2009/2010,Everton,11,5,16
2009/2010,FC Groningen,9,5,14
2009/2010,FC Luzern,12,5,17
2009/2010,Hamburger SV,8,5,13
2009/2010,Lechia Gdańsk,4,5,9
2009/2010,Liverpool,13,5,18
2009/2010,Motherwell,8,5,13
2009/2010,Palermo,13,5,18
2009/2010,Racing Santander,4,5,9
2009/2010,Roda JC Kerkrade,9,5,14
2009/2010,Sporting CP,8,5,13
2009/2010,Zagłębie Lubin,3,5,8
2010/2011,AS Nancy-Lorraine,8,5,13
2010/2011,AS Saint-Étienne,7,5,12
2010/2011,Aberdeen,6,5,11
2010/2011,Blackpool,5,5,10
2010/2011,Borussia Mönchengladbach,5,5,10
2010/2011,Chievo Verona,6,5,11
2010/2011,FC Groningen,12,5,17
2010/2011,FC Luzern,8,5,13
2010/2011,FC Sochaux-Montbéliard,12,5,17
2010/2011,FC St. Gallen,3,5,8
2010/2011,Hamburger SV,7,5,12
2010/2011,Hibernian,5,5,10
2010/2011,KV Mechelen,8,5,13
2010/2011,Korona Kielce,5,5,10
2010/2011,Legia Warszawa,10,5,15
2010/2011,Liverpool,12,5,17
2010/2011,Manchester United,18,5,23
2010/2011,Montpellier Hérault SC,7,5,12
2010/2011,Motherwell,8,5,13
2010/2011,Newcastle United,6,5,11
2010/2011,P. Warszawa,7,5,12
2010/2011,SC Freiburg,8,5,13
2010/2011,SM Caen,6,5,11
2010/2011,St. Johnstone FC,6,5,11
2010/2011,Stade Brestois 29,6,5,11
2010/2011,Standard de Liège,10,5,15
2010/2011,Sunderland,7,5,12
2010/2011,VfB Stuttgart,7,5,12
2010/2011,Villarreal CF,13,5,18
2010/2011,Vitória Guimarães,7,5,12
2011/2012,AS Nancy-Lorraine,6,5,11
2011/2012,CS Marítimo,9,5,14
2011/2012,Everton,10,5,15
2011/2012,FC Luzern,9,5,14
2011/2012,FC Thun,6,5,11
2011/2012,Hamburger SV,3,5,8
2011/2012,Inverness Caledonian Thistle,5,5,10
2011/2012,Lecce,3,5,8
2011/2012,Levante UD,11,5,16
2011/2012,N.E.C.,8,5,13
2011/2012,Norwich City,7,5,12
2011/2012,Parma,10,5,15
2011/2012,Podbeskidzie Bielsko-Biała,4,5,9
2011/2012,RCD Mallorca,9,5,14
2011/2012,Rayo Vallecano,8,5,13
2011/2012,Sporting Lokeren,6,5,11
2011/2012,Toulouse FC,10,5,15
2011/2012,Udinese,13,5,18
2011/2012,VfB Stuttgart,10,5,15
2011/2012,Wisła Kraków,7,5,12
2011/2012,Zagłębie Lubin,6,5,11
2012/2013,AS Saint-Étienne,11,5,16
2012/2013,AZ,5,5,10
2012/2013,Aberdeen,6,5,11
2012/2013,Aston Villa,5,5,10
2012/2013,Atalanta,6,5,11
2012/2013,Bologna,6,5,11
2012/2013,CD Nacional,6,5,11
2012/2013,CS Marítimo,4,5,9
2012/2013,Eintracht Frankfurt,9,5,14
2012/2013,FC Thun,8,5,13
2012/2013,Girondins de Bordeaux,8,5,13
2012/2013,Granada CF,6,5,11
2012/2013,KRC Genk,10,5,15
2012/2013,KV Mechelen,7,5,12
2012/2013,Lazio,13,5,18
2012/2013,PEC Zwolle,5,5,10
2012/2013,Polonia Bytom,7,5,12
2012/2013,RCD Espanyol,6,5,11
2012/2013,Ross County FC,8,5,13
2012/2013,St. Johnstone FC,9,5,14
2012/2013,Swansea City,6,5,11
2012/2013,Vitória Guimarães,6,5,11
2012/2013,West Bromwich Albion,9,5,14
2012/2013,Wigan Athletic,4,5,9
2013/2014,Borussia Mönchengladbach,11,5,16
2013/2014,Cracovia,6,5,11
2013/2014,Crystal Palace,8,5,13
2013/2014,Dundee United,11,5,16
2013/2014,FC Aarau,7,5,12
2013/2014,FC Groningen,9,5,14
2013/2014,FC Lorient,8,5,13
2013/2014,FC Nantes,8,5,13
2013/2014,Getafe CF,6,5,11
2013/2014,Granada CF,7,5,12
2013/2014,Hertha BSC Berlin,6,5,11
2013/2014,Lazio,10,5,15
2013/2014,Levante UD,7,5,12
2013/2014,Milan,11,5,16
2013/2014,Pogoń Szczecin,6,5,11
2013/2014,Rayo Vallecano,8,5,13
2013/2014,Real Sociedad,11,5,16
2013/2014,Sampdoria,7,5,12
2013/2014,St. Johnstone FC,10,5,15
2013/2014,Stade de Reims,7,5,12
2013/2014,Sunderland,5,5,10
2013/2014,Swansea City,6,5,11
2013/2014,UD Almería,6,5,11
2013/2014,Vitória Guimarães,5,5,10
2014/2015,1. FC Köln,4,5,9
2014/2015,Aston Villa,5,5,10
2014/2015,Dundee United,12,5,17
2014/2015,Elche CF,6,5,11
2014/2015,Everton,7,5,12
2014/2015,FC St. Gallen,8,5,13
2014/2015,FC Twente,8,5,13
2014/2015,FC Utrecht,6,5,11
2014/2015,Girondins de Bordeaux,12,5,17
2014/2015,KRC Genk,8,5,13
2014/2015,KV Oostende,6,5,11
2014/2015,LOSC Lille,11,5,16
2014/2015,Montpellier Hérault SC,11,5,16
2014/2015,Moreirense FC,6,5,11
2014/2015,PEC Zwolle,11,5,16
2014/2015,RC Celta de Vigo,8,5,13
2014/2015,RCD Espanyol,8,5,13
2014/2015,Ross County FC,7,5,12
2014/2015,SC Heerenveen,8,5,13
2014/2015,SM Caen,7,5,12
2014/2015,Sassuolo,7,5,12
2014/2015,Stade Rennais FC,8,5,13
2014/2015,Stoke City,10,5,15
2014/2015,UD Almería,3,5,8
2014/2015,Vitória Guimarães,10,5,15
2014/2015,Willem II,8,5,13
2014/2015,Wisła Kraków,6,5,11
2015/2016,1. FC Köln,5,5,10
2015/2016,Cracovia,7,5,12
2015/2016,Crystal Palace,6,5,11
2015/2016,Dundee United,3,5,8
2015/2016,Empoli,7,5,12
2015/2016,En Avant de Guingamp,6,5,11
2015/2016,Everton,6,5,11
2015/2016,FC Arouca,8,5,13
2015/2016,Heracles Almelo,9,5,14
2015/2016,Hertha BSC Berlin,9,5,14
2015/2016,Kilmarnock,4,5,9
2015/2016,Lazio,10,5,15
2015/2016,Montpellier Hérault SC,9,5,14
2015/2016,Piast Gliwice,12,5,17
2015/2016,Pogoń Szczecin,5,5,10
2015/2016,RSC Anderlecht,10,5,15
2015/2016,Real Betis Balompié,6,5,11
2015/2016,Rio Ave FC,9,5,14
2015/2016,Roda JC Kerkrade,3,5,8
2015/2016,Ross County FC,9,5,14
2015/2016,Ruch Chorzów,6,5,11
2015/2016,SC Braga,11,5,16
2015/2016,SC Heerenveen,6,5,11
2015/2016,SV Werder Bremen,5,5,10
2015/2016,SV Zulte-Waregem,7,5,12
2015/2016,Sporting Charleroi,5,5,10
2015/2016,Sporting Lokeren,3,5,8
2015/2016,Tondela,3,5,8
2015/2016,Valencia CF,6,5,11
2015/2016,Vitesse,7,5,12
2015/2016,Waasland-Beveren,4,5,9
2015/2016,Wisła Kraków,3,5,8
2008/2009,AS Monaco,7,4,11
2008/2009,Blackburn Rovers,6,4,10
2008/2009,Bolton Wanderers,7,4,11
2008/2009,Cagliari,11,4,15
2008/2009,FC Nantes,5,4,9
2008/2009,FCV Dender EH,5,4,9
2008/2009,Feyenoord,8,4,12
2008/2009,Grasshopper Club Zürich,8,4,12
2008/2009,Grenoble Foot 38,6,4,10
2008/2009,KV Kortrijk,5,4,9
2008/2009,Le Mans FC,6,4,10
2008/2009,N.E.C.,5,4,9
2008/2009,Piast Gliwice,5,4,9
2008/2009,Polonia Bytom,13,4,17
2008/2009,RC Recreativo,4,4,8
2008/2009,RCD Espanyol,8,4,12
2008/2009,Real Valladolid,8,4,12
2008/2009,Stade Rennais FC,11,4,15
2008/2009,Tottenham Hotspur,10,4,14
2008/2009,Vitesse,7,4,11
2008/2009,Widzew Łódź,6,4,10
2008/2009,Wigan Athletic,8,4,12
2008/2009,Willem II,6,4,10
2009/2010,AS Monaco,11,4,15
2009/2010,Aberdeen,6,4,10
2009/2010,Académica de Coimbra,4,4,8
2009/2010,Athletic Club de Bilbao,11,4,15
2009/2010,Bayer 04 Leverkusen,11,4,15
2009/2010,Bolton Wanderers,6,4,10
2009/2010,CA Osasuna,7,4,11
2009/2010,CS Marítimo,7,4,11
2009/2010,Cagliari,7,4,11
2009/2010,Cracovia,5,4,9
2009/2010,FC Paços de Ferreira,4,4,8
2009/2010,Fiorentina,9,4,13
2009/2010,GKS Bełchatów,9,4,13
2009/2010,Hannover 96,5,4,9
2009/2010,Heart of Midlothian,9,4,13
2009/2010,Hertha BSC Berlin,1,4,5
2009/2010,KRC Genk,4,4,8
2009/2010,KV Mechelen,8,4,12
2009/2010,NAC Breda,8,4,12
2009/2010,Naval 1° de Maio,6,4,10
2009/2010,OGC Nice,7,4,11
2009/2010,Parma,10,4,14
2009/2010,RC Deportivo de La Coruña,9,4,13
2009/2010,SC Freiburg,5,4,9
2009/2010,SC Heerenveen,7,4,11
2009/2010,Stade Rennais FC,10,4,14
2009/2010,Standard de Liège,6,4,10
2009/2010,Stoke City,7,4,11
2009/2010,Toulouse FC,8,4,12
2009/2010,"União de Leiria, SAD",5,4,9
2009/2010,VfL Bochum,2,4,6
2009/2010,Vitória Guimarães,7,4,11
2009/2010,Wolverhampton Wanderers,5,4,9
2010/2011,1. FC Nürnberg,9,4,13
2010/2011,AJ Auxerre,6,4,10
2010/2011,AS Monaco,5,4,9
2010/2011,Aston Villa,8,4,12
2010/2011,Blackburn Rovers,7,4,11
2010/2011,Bologna,7,4,11
2010/2011,CD Nacional,7,4,11
2010/2011,CS Marítimo,5,4,9
2010/2011,Cagliari,8,4,12
2010/2011,Cesena,7,4,11
2010/2011,Dundee United,13,4,17
2010/2011,Eintracht Frankfurt,5,4,9
2010/2011,Everton,9,4,13
2010/2011,FC Lorient,8,4,12
2010/2011,FC Paços de Ferreira,6,4,10
2010/2011,FC Schalke 04,7,4,11
2010/2011,FC St. Pauli,4,4,8
2010/2011,Genoa,10,4,14
2010/2011,Girondins de Bordeaux,8,4,12
2010/2011,Hamilton Academical FC,1,4,5
2010/2011,KSV Cercle Brugge,7,4,11
2010/2011,Lecce,7,4,11
2010/2011,Lechia Gdańsk,8,4,12
2010/2011,Neuchâtel Xamax,4,4,8
2010/2011,Parma,7,4,11
2010/2011,RCD Espanyol,11,4,15
2010/2011,Racing Santander,8,4,12
2010/2011,Rio Ave FC,6,4,10
2010/2011,Ruch Chorzów,6,4,10
2010/2011,SC Braga,9,4,13
2010/2011,SV Werder Bremen,6,4,10
2010/2011,Sporting Lokeren,9,4,13
2010/2011,St. Mirren,4,4,8
2010/2011,TSG 1899 Hoffenheim,7,4,11
2010/2011,VfL Wolfsburg,5,4,9
2010/2011,West Bromwich Albion,8,4,12
2010/2011,Widzew Łódź,7,4,11
2010/2011,Wigan Athletic,5,4,9
2011/2012,Atalanta,9,4,13
2011/2012,Athletic Club de Bilbao,8,4,12
2011/2012,Atlético Madrid,11,4,15
2011/2012,Bologna,7,4,11
2011/2012,Dunfermline Athletic,1,4,5
2011/2012,FC Paços de Ferreira,4,4,8
2011/2012,FC Utrecht,7,4,11
2011/2012,Fiorentina,6,4,10
2011/2012,Fulham,10,4,14
2011/2012,Getafe CF,8,4,12
2011/2012,Granada CF,8,4,12
2011/2012,Heart of Midlothian,11,4,15
2011/2012,Heracles Almelo,7,4,11
2011/2012,KV Kortrijk,9,4,13
2011/2012,Kilmarnock,7,4,11
2011/2012,Lech Poznań,11,4,15
2011/2012,Lechia Gdańsk,3,4,7
2011/2012,Málaga CF,13,4,17
2011/2012,Neuchâtel Xamax,3,4,7
2011/2012,Olympique de Marseille,8,4,12
2011/2012,P. Warszawa,9,4,13
2011/2012,RKC Waalwijk,9,4,13
2011/2012,Real Zaragoza,8,4,12
2011/2012,Roda JC Kerkrade,10,4,14
2011/2012,SC Beira Mar,4,4,8
2011/2012,SC Freiburg,6,4,10
2011/2012,Sevilla FC,9,4,13
2011/2012,Standard de Liège,10,4,14
2011/2012,Stoke City,7,4,11
2011/2012,Sunderland,7,4,11
2011/2012,Swansea City,8,4,12
2011/2012,Évian Thonon Gaillard FC,9,4,13
2012/2013,1. FC Nürnberg,7,4,11
2012/2013,AS Nancy-Lorraine,5,4,9
2012/2013,Athletic Club de Bilbao,8,4,12
2012/2013,Borussia Mönchengladbach,8,4,12
2012/2013,Cagliari,8,4,12
2012/2013,Estoril Praia,9,4,13
2012/2013,Everton,12,4,16
2012/2013,FC Lorient,10,4,14
2012/2013,FC Luzern,6,4,10
2012/2013,FC Sochaux-Montbéliard,6,4,10
2012/2013,Fulham,7,4,11
2012/2013,Getafe CF,9,4,13
2012/2013,Hannover 96,9,4,13
2012/2013,Jagiellonia Białystok,4,4,8
2012/2013,KV Kortrijk,7,4,11
2012/2013,Levante UD,8,4,12
2012/2013,Montpellier Hérault SC,11,4,15
2012/2013,Parma,9,4,13
2012/2013,Real Valladolid,7,4,11
2012/2013,Real Zaragoza,5,4,9
2012/2013,Ruch Chorzów,4,4,8
2012/2013,SC Bastia,9,4,13
2012/2013,SpVgg Greuther Fürth,0,4,4
2012/2013,Sporting CP,7,4,11
2012/2013,Sporting Charleroi,6,4,10
2012/2013,Sunderland,5,4,9
2012/2013,Wisła Kraków,6,4,10
2012/2013,Zagłębie Lubin,7,4,11
2012/2013,Évian Thonon Gaillard FC,6,4,10
2012/2013,Śląsk Wrocław,9,4,13
2013/2014,ADO Den Haag,8,4,12
2013/2014,Académica de Coimbra,5,4,9
2013/2014,Aston Villa,6,4,10
2013/2014,Atalanta,11,4,15
2013/2014,CA Osasuna,6,4,10
2013/2014,CD Nacional,7,4,11
2013/2014,Chievo Verona,6,4,10
2013/2014,Eintracht Frankfurt,5,4,9
2013/2014,FC Lausanne-Sports,3,4,7
2013/2014,FC Thun,9,4,13
2013/2014,Fulham,5,4,9
2013/2014,Hannover 96,8,4,12
2013/2014,Heart of Midlothian,6,4,10
2013/2014,Hibernian,4,4,8
2013/2014,Jagiellonia Białystok,6,4,10
2013/2014,Kilmarnock,7,4,11
2013/2014,Lech Poznań,11,4,15
2013/2014,Lechia Gdańsk,6,4,10
2013/2014,Málaga CF,8,4,12
2013/2014,PEC Zwolle,5,4,9
2013/2014,Piast Gliwice,4,4,8
2013/2014,Polonia Bytom,7,4,11
2013/2014,RCD Espanyol,7,4,11
2013/2014,SV Werder Bremen,6,4,10
2013/2014,Sassuolo,5,4,9
2013/2014,TSG 1899 Hoffenheim,7,4,11
2013/2014,West Ham United,7,4,11
2013/2014,Évian Thonon Gaillard FC,7,4,11
2014/2015,Borussia Dortmund,9,4,13
2014/2015,CS Marítimo,8,4,12
2014/2015,Cagliari,4,4,8
2014/2015,FC Groningen,7,4,11
2014/2015,FC Nantes,7,4,11
2014/2015,FC Paços de Ferreira,8,4,12
2014/2015,FC Sion,8,4,12
2014/2015,FC Vaduz,3,4,7
2014/2015,Getafe CF,6,4,10
2014/2015,Grasshopper Club Zürich,7,4,11
2014/2015,Hellas Verona,7,4,11
2014/2015,Kilmarnock,7,4,11
2014/2015,Korona Kielce,6,4,10
2014/2015,Lech Poznań,10,4,14
2014/2015,Leicester City,7,4,11
2014/2015,Milan,9,4,13
2014/2015,Palermo,8,4,12
2014/2015,Partick Thistle F.C.,8,4,12
2014/2015,Podbeskidzie Bielsko-Biała,6,4,10
2014/2015,Rio Ave FC,6,4,10
2014/2015,SC Bastia,8,4,12
2014/2015,SD Eibar,5,4,9
2014/2015,SV Zulte-Waregem,4,4,8
2014/2015,Stade de Reims,8,4,12
2014/2015,Toulouse FC,8,4,12
2014/2015,Udinese,6,4,10
2014/2015,VfB Stuttgart,5,4,9
2014/2015,Villarreal CF,12,4,16
2014/2015,West Bromwich Albion,7,4,11
2014/2015,Évian Thonon Gaillard FC,7,4,11
2015/2016,Boavista FC,4,4,8
2015/2016,Borussia Mönchengladbach,13,4,17
2015/2016,CF Os Belenenses,6,4,10
2015/2016,Dundee FC,7,4,11
2015/2016,Estoril Praia,9,4,13
2015/2016,FC Groningen,10,4,14
2015/2016,FC Lorient,7,4,11
2015/2016,FC Nantes,8,4,12
2015/2016,FC Thun,6,4,10
2015/2016,FC Vaduz,3,4,7
2015/2016,Girondins de Bordeaux,8,4,12
2015/2016,Granada CF,6,4,10
2015/2016,Jagiellonia Białystok,6,4,10
2015/2016,KV Oostende,10,4,14
2015/2016,Málaga CF,8,4,12
2015/2016,PEC Zwolle,10,4,14
2015/2016,Palermo,6,4,10
2015/2016,RC Deportivo de La Coruña,4,4,8
2015/2016,Royal Excel Mouscron,3,4,7
2015/2016,Sint-Truidense VV,4,4,8
2015/2016,Standard de Liège,8,4,12
2015/2016,Swansea City,8,4,12
2015/2016,UD Las Palmas,8,4,12
2015/2016,Udinese,6,4,10
2015/2016,Vitória Guimarães,5,4,9
2015/2016,Vitória Setúbal,2,4,6
2015/2016,West Bromwich Albion,6,4,10
2008/2009,AC Bellinzona,8,3,11
2008/2009,ADO Den Haag,5,3,8
2008/2009,Atalanta,10,3,13
2008/2009,Athletic Club de Bilbao,9,3,12
2008/2009,Bologna,6,3,9
2008/2009,Borussia Mönchengladbach,5,3,8
2008/2009,CS Marítimo,6,3,9
2008/2009,Eintracht Frankfurt,5,3,8
2008/2009,FC Sion,6,3,9
2008/2009,FC Utrecht,8,3,11
2008/2009,Falkirk,6,3,9
2008/2009,Fulham,11,3,14
2008/2009,Getafe CF,7,3,10
2008/2009,Karlsruher SC,5,3,8
2008/2009,Le Havre AC,4,3,7
2008/2009,Neuchâtel Xamax,7,3,10
2008/2009,Odra Wodzisław,5,3,8
2008/2009,Palermo,14,3,17
2008/2009,Reggio Calabria,3,3,6
2008/2009,Royal Excel Mouscron,9,3,12
2008/2009,Ruch Chorzów,6,3,9
2008/2009,Sampdoria,8,3,11
2008/2009,Siena,9,3,12
2008/2009,Sporting Charleroi,9,3,12
2008/2009,Sunderland,6,3,9
2008/2009,Śląsk Wrocław,8,3,11
2009/2010,1. FC Nürnberg,5,3,8
2009/2010,1. FSV Mainz 05,9,3,12
2009/2010,ADO Den Haag,4,3,7
2009/2010,Arka Gdynia,4,3,7
2009/2010,Beerschot AC,6,3,9
2009/2010,Blackburn Rovers,10,3,13
2009/2010,Bologna,7,3,10
2009/2010,CD Nacional,7,3,10
2009/2010,FC Sion,11,3,14
2009/2010,FC Sochaux-Montbéliard,8,3,11
2009/2010,FC Zürich,9,3,12
2009/2010,Falkirk,3,3,6
2009/2010,Genoa,11,3,14
2009/2010,KSV Cercle Brugge,8,3,11
2009/2010,KV Kortrijk,9,3,12
2009/2010,Kilmarnock,5,3,8
2009/2010,Korona Kielce,6,3,9
2009/2010,N.E.C.,5,3,8
2009/2010,Neuchâtel Xamax,8,3,11
2009/2010,P. Warszawa,6,3,9
2009/2010,Paris Saint-Germain,9,3,12
2009/2010,Piast Gliwice,4,3,7
2009/2010,RC Lens,9,3,12
2009/2010,RCD Mallorca,15,3,18
2009/2010,Real Valladolid,4,3,7
2009/2010,Real Zaragoza,7,3,10
2009/2010,Rio Ave FC,3,3,6
2009/2010,SV Zulte-Waregem,7,3,10
2009/2010,Siena,4,3,7
2009/2010,US Boulogne Cote D'Opale,4,3,7
2009/2010,Villarreal CF,13,3,16
2009/2010,Vitesse,5,3,8
2009/2010,Wigan Athletic,6,3,9
2010/2011,AC Bellinzona,4,3,7
2010/2011,Académica de Coimbra,4,3,7
2010/2011,Bari,2,3,5
2010/2011,CA Osasuna,10,3,13
2010/2011,Excelsior,7,3,10
2010/2011,FC Utrecht,10,3,13
2010/2011,Fiorentina,9,3,12
2010/2011,Fulham,8,3,11
2010/2011,Getafe CF,9,3,12
2010/2011,Grasshopper Club Zürich,7,3,10
2010/2011,Heracles Almelo,11,3,14
2010/2011,Jagiellonia Białystok,11,3,14
2010/2011,Lech Poznań,10,3,13
2010/2011,Levante UD,9,3,12
2010/2011,N.E.C.,7,3,10
2010/2011,NAC Breda,9,3,12
2010/2011,Naval 1° de Maio,2,3,5
2010/2011,RCD Mallorca,9,3,12
2010/2011,Real Sociedad,11,3,14
2010/2011,Real Zaragoza,9,3,12
2010/2011,S.C. Olhanense,4,3,7
2010/2011,SV Zulte-Waregem,4,3,7
2010/2011,Sampdoria,5,3,8
2010/2011,Stoke City,10,3,13
2010/2011,UD Almería,3,3,6
2010/2011,"União de Leiria, SAD",6,3,9
2010/2011,Vitória Setúbal,5,3,8
2010/2011,Wolverhampton Wanderers,8,3,11
2010/2011,Zagłębie Lubin,7,3,10
2011/2012,1. FC Köln,5,3,8
2011/2012,AC Ajaccio,6,3,9
2011/2012,ADO Den Haag,5,3,8
2011/2012,Aberdeen,6,3,9
2011/2012,Académica de Coimbra,4,3,7
2011/2012,Aston Villa,4,3,7
2011/2012,CA Osasuna,10,3,13
2011/2012,Cagliari,6,3,9
2011/2012,Chievo Verona,8,3,11
2011/2012,De Graafschap,3,3,6
2011/2012,Dijon FCO,6,3,9
2011/2012,FC Sochaux-Montbéliard,8,3,11
2011/2012,Hertha BSC Berlin,4,3,7
2011/2012,KRC Genk,10,3,13
2011/2012,KV Mechelen,7,3,10
2011/2012,OGC Nice,7,3,10
2011/2012,Queens Park Rangers,7,3,10
2011/2012,RCD Espanyol,9,3,12
2011/2012,Real Sociedad,9,3,12
2011/2012,Real Sporting de Gijón,7,3,10
2011/2012,SM Caen,6,3,9
2011/2012,SV Werder Bremen,8,3,11
2011/2012,St. Mirren,6,3,9
2011/2012,VfL Wolfsburg,10,3,13
2011/2012,Villarreal CF,6,3,9
2012/2013,1. FSV Mainz 05,7,3,10
2012/2013,ADO Den Haag,6,3,9
2012/2013,CA Osasuna,7,3,10
2012/2013,Catania,12,3,15
2012/2013,Dundee FC,4,3,7
2012/2013,FC Augsburg,5,3,8
2012/2013,GKS Bełchatów,4,3,7
2012/2013,Genoa,5,3,8
2012/2013,Heracles Almelo,6,3,9
2012/2013,KAA Gent,5,3,8
2012/2013,NAC Breda,7,3,10
2012/2013,Oud-Heverlee Leuven,5,3,8
2012/2013,Pogoń Szczecin,7,3,10
2012/2013,RC Celta de Vigo,7,3,10
2012/2013,SC Heerenveen,8,3,11
2012/2013,SV Werder Bremen,5,3,8
2012/2013,Sampdoria,8,3,11
2012/2013,Siena,6,3,9
2012/2013,Southampton,6,3,9
2012/2013,St. Mirren,6,3,9
2012/2013,Stade Brestois 29,5,3,8
2012/2013,TSG 1899 Hoffenheim,5,3,8
2012/2013,VVV-Venlo,3,3,6
2012/2013,Valenciennes FC,9,3,12
2012/2013,Waasland-Beveren,4,3,7
2012/2013,West Ham United,9,3,12
2013/2014,AZ,10,3,13
2013/2014,Elche CF,6,3,9
2013/2014,En Avant de Guingamp,8,3,11
2013/2014,FC Arouca,5,3,8
2013/2014,FC Sion,9,3,12
2013/2014,FC St. Gallen,8,3,11
2013/2014,Genoa,8,3,11
2013/2014,Girondins de Bordeaux,10,3,13
2013/2014,Go Ahead Eagles,7,3,10
2013/2014,Hull City,7,3,10
2013/2014,KV Oostende,1,3,4
2013/2014,Montpellier Hérault SC,5,3,8
2013/2014,Roda JC Kerkrade,4,3,7
2013/2014,Ross County FC,8,3,11
2013/2014,SC Braga,7,3,10
2013/2014,SC Freiburg,6,3,9
2013/2014,St. Mirren,7,3,10
2013/2014,Stoke City,10,3,13
2013/2014,Udinese,9,3,12
2013/2014,Valencia CF,10,3,13
2013/2014,Valenciennes FC,4,3,7
2013/2014,VfB Stuttgart,5,3,8
2013/2014,Vitória Setúbal,7,3,10
2013/2014,West Bromwich Albion,4,3,7
2013/2014,Zawisza Bydgoszcz,8,3,11
2014/2015,1. FSV Mainz 05,6,3,9
2014/2015,Académica de Coimbra,1,3,4
2014/2015,Atalanta,4,3,7
2014/2015,Burnley,4,3,7
2014/2015,CD Nacional,10,3,13
2014/2015,Estoril Praia,6,3,9
2014/2015,FC Schalke 04,10,3,13
2014/2015,FC Thun,10,3,13
2014/2015,GKS Bełchatów,5,3,8
2014/2015,Go Ahead Eagles,4,3,7
2014/2015,Granada CF,4,3,7
2014/2015,Hamburger SV,6,3,9
2014/2015,Hannover 96,6,3,9
2014/2015,Hertha BSC Berlin,6,3,9
2014/2015,Hull City,5,3,8
2014/2015,KV Mechelen,7,3,10
2014/2015,KVC Westerlo,5,3,8
2014/2015,Lechia Gdańsk,8,3,11
2014/2015,Levante UD,6,3,9
2014/2015,Motherwell,7,3,10
2014/2015,NAC Breda,3,3,6
2014/2015,Newcastle United,7,3,10
2014/2015,Piast Gliwice,8,3,11
2014/2015,Pogoń Szczecin,8,3,11
2014/2015,SC Cambuur,8,3,11
2014/2015,SC Paderborn 07,4,3,7
2014/2015,SV Werder Bremen,8,3,11
2014/2015,Sporting Lokeren,7,3,10
2014/2015,Sunderland,4,3,7
2014/2015,TSG 1899 Hoffenheim,9,3,12
2014/2015,West Ham United,9,3,12
2014/2015,Zawisza Bydgoszcz,5,3,8
2014/2015,Śląsk Wrocław,9,3,12
2015/2016,Atalanta,8,3,11
2015/2016,CS Marítimo,7,3,10
2015/2016,Carpi,6,3,9
2015/2016,Eintracht Frankfurt,6,3,9
2015/2016,Excelsior,4,3,7
2015/2016,FC Ingolstadt 04,7,3,10
2015/2016,FC Sion,11,3,14
2015/2016,FC St. Gallen,7,3,10
2015/2016,FC Twente,9,3,12
2015/2016,FC Zürich,4,3,7
2015/2016,GFC Ajaccio,5,3,8
2015/2016,Genoa,10,3,13
2015/2016,Getafe CF,6,3,9
2015/2016,Hannover 96,4,3,7
2015/2016,KRC Genk,11,3,14
2015/2016,KV Mechelen,7,3,10
2015/2016,Lugano,6,3,9
2015/2016,Norwich City,6,3,9
2015/2016,RCD Espanyol,9,3,12
2015/2016,Real Sporting de Gijón,7,3,10
2015/2016,SC Bastia,11,3,14
2015/2016,SD Eibar,8,3,11
2015/2016,Stade de Reims,7,3,10
2015/2016,Sunderland,6,3,9
2015/2016,TSG 1899 Hoffenheim,6,3,9
2015/2016,Termalica Bruk-Bet Nieciecza,5,3,8
2015/2016,Toulouse FC,6,3,9
2015/2016,VfB Stuttgart,6,3,9
2015/2016,VfL Wolfsburg,9,3,12
2015/2016,Willem II,3,3,6
2015/2016,Śląsk Wrocław,5,3,8
2008/2009,AS Saint-Étienne,9,2,11
2008/2009,Académica de Coimbra,8,2,10
2008/2009,Beerschot AC,9,2,11
2008/2009,CA Osasuna,8,2,10
2008/2009,DSC Arminia Bielefeld,2,2,4
2008/2009,De Graafschap,5,2,7
2008/2009,FC Aarau,9,2,11
2008/2009,FC Energie Cottbus,6,2,8
2008/2009,FC Paços de Ferreira,7,2,9
2008/2009,FC Sochaux-Montbéliard,8,2,10
2008/2009,Hannover 96,8,2,10
2008/2009,KSV Roeselare,6,2,8
2008/2009,Lecce,3,2,5
2008/2009,Lechia Gdańsk,7,2,9
2008/2009,Manchester City,13,2,15
2008/2009,Middlesbrough,5,2,7
2008/2009,Napoli,10,2,12
2008/2009,Naval 1° de Maio,5,2,7
2008/2009,Newcastle United,5,2,7
2008/2009,Portsmouth,8,2,10
2008/2009,Rio Ave FC,6,2,8
2008/2009,Roda JC Kerkrade,5,2,7
2008/2009,SM Caen,6,2,8
2008/2009,SV Werder Bremen,10,2,12
2008/2009,Sparta Rotterdam,7,2,9
2008/2009,Stoke City,10,2,12
2008/2009,Trofense,3,2,5
2008/2009,UD Almería,11,2,13
2008/2009,VfL Bochum,5,2,7
2009/2010,AC Bellinzona,5,2,7
2009/2010,Atalanta,7,2,9
2009/2010,Atlético Madrid,11,2,13
2009/2010,Bari,11,2,13
2009/2010,Borussia Mönchengladbach,8,2,10
2009/2010,CF Os Belenenses,2,2,4
2009/2010,Catania,8,2,10
2009/2010,FC Aarau,4,2,6
2009/2010,Jagiellonia Białystok,9,2,11
2009/2010,KSV Roeselare,2,2,4
2009/2010,KVC Westerlo,6,2,8
2009/2010,Le Mans FC,6,2,8
2009/2010,Livorno,5,2,7
2009/2010,Málaga CF,5,2,7
2009/2010,Odra Wodzisław,5,2,7
2009/2010,Polonia Bytom,7,2,9
2009/2010,Portsmouth,5,2,7
2009/2010,RCD Espanyol,9,2,11
2009/2010,Real Sporting de Gijón,7,2,9
2009/2010,Sporting Charleroi,3,2,5
2009/2010,St. Mirren,5,2,7
2009/2010,Sunderland,9,2,11
2009/2010,UD Almería,8,2,10
2009/2010,Vitória Setúbal,3,2,5
2009/2010,Xerez Club Deportivo,6,2,8
2010/2011,1. FC Köln,11,2,13
2010/2011,Birmingham City,6,2,8
2010/2011,Bolton Wanderers,10,2,12
2010/2011,De Graafschap,7,2,9
2010/2011,Feyenoord,10,2,12
2010/2011,Hércules Club de Fútbol,7,2,9
2010/2011,KAS Eupen,3,2,5
2010/2011,OGC Nice,9,2,11
2010/2011,Portimonense,4,2,6
2010/2011,RC Deportivo de La Coruña,8,2,10
2010/2011,RC Lens,5,2,7
2010/2011,Real Sporting de Gijón,9,2,11
2010/2011,SC Beira Mar,5,2,7
2010/2011,SC Heerenveen,8,2,10
2010/2011,Sint-Truidense VV,6,2,8
2010/2011,Valenciennes FC,8,2,10
2010/2011,Vitesse,7,2,9
2010/2011,West Ham United,5,2,7
2011/2012,1. FC Kaiserslautern,2,2,4
2011/2012,1. FSV Mainz 05,7,2,9
2011/2012,Beerschot AC,7,2,9
2011/2012,Blackburn Rovers,6,2,8
2011/2012,Catania,8,2,10
2011/2012,Cesena,2,2,4
2011/2012,FC Augsburg,6,2,8
2011/2012,FC Groningen,8,2,10
2011/2012,Feirense,3,2,5
2011/2012,Genoa,9,2,11
2011/2012,Gil Vicente FC,6,2,8
2011/2012,Grasshopper Club Zürich,5,2,7
2011/2012,Hannover 96,10,2,12
2011/2012,Lierse SK,4,2,6
2011/2012,NAC Breda,8,2,10
2011/2012,Novara,4,2,6
2011/2012,Oud-Heverlee Leuven,5,2,7
2011/2012,Polonia Bytom,9,2,11
2011/2012,RAEC Mons,7,2,9
2011/2012,Siena,7,2,9
2011/2012,Vitória Setúbal,6,2,8
2011/2012,Wolverhampton Wanderers,3,2,5
2012/2013,AC Ajaccio,7,2,9
2012/2013,Académica de Coimbra,4,2,6
2012/2013,BSC Young Boys,9,2,11
2012/2013,Beerschot AC,4,2,6
2012/2013,ES Troyes AC,6,2,8
2012/2013,FC Lausanne-Sports,6,2,8
2012/2013,Fortuna Düsseldorf,5,2,7
2012/2013,Gil Vicente FC,4,2,6
2012/2013,Heart of Midlothian,9,2,11
2012/2013,Lierse SK,3,2,5
2012/2013,Moreirense FC,3,2,5
2012/2013,Newcastle United,9,2,11
2012/2013,Norwich City,8,2,10
2012/2013,Pescara,4,2,6
2012/2013,Queens Park Rangers,2,2,4
2012/2013,RC Deportivo de La Coruña,6,2,8
2012/2013,RCD Mallorca,7,2,9
2012/2013,RKC Waalwijk,7,2,9
2012/2013,Reading,4,2,6
2012/2013,S.C. Olhanense,3,2,5
2012/2013,SC Beira Mar,3,2,5
2012/2013,Servette FC,4,2,6
2012/2013,Stade de Reims,8,2,10
2012/2013,Stoke City,7,2,9
2012/2013,Torino,6,2,8
2012/2013,Widzew Łódź,6,2,8
2013/2014,1. FC Nürnberg,3,2,5
2013/2014,Bologna,3,2,5
2013/2014,CS Marítimo,9,2,11
2013/2014,Cardiff City,5,2,7
2013/2014,FC Paços de Ferreira,4,2,6
2013/2014,FC Sochaux-Montbéliard,8,2,10
2013/2014,Gil Vicente FC,6,2,8
2013/2014,Hamburger SV,5,2,7
2013/2014,Korona Kielce,7,2,9
2013/2014,Livorno,4,2,6
2013/2014,NAC Breda,6,2,8
2013/2014,Norwich City,6,2,8
2013/2014,OGC Nice,10,2,12
2013/2014,Podbeskidzie Bielsko-Biała,4,2,6
2013/2014,RKC Waalwijk,5,2,7
2013/2014,SC Bastia,10,2,12
2013/2014,Wisła Kraków,10,2,12
2013/2014,Śląsk Wrocław,5,2,7
2014/2015,Cracovia,8,2,10
2014/2015,Córdoba CF,1,2,3
2014/2015,Eintracht Frankfurt,9,2,11
2014/2015,Empoli,6,2,8
2014/2015,Excelsior,4,2,6
2014/2015,FC Arouca,5,2,7
2014/2015,FC Penafiel,3,2,5
2014/2015,Gil Vicente FC,2,2,4
2014/2015,Górnik Łęczna,6,2,8
2014/2015,KSV Cercle Brugge,4,2,6
2014/2015,Lierse SK,3,2,5
2014/2015,Queens Park Rangers,6,2,8
2014/2015,RC Deportivo de La Coruña,5,2,7
2014/2015,RC Lens,5,2,7
2014/2015,Real Sociedad,9,2,11
2014/2015,Ruch Chorzów,6,2,8
2014/2015,SC Freiburg,5,2,7
2014/2015,Waasland-Beveren,5,2,7
2015/2016,CD Nacional,8,2,10
2015/2016,De Graafschap,3,2,5
2015/2016,ES Troyes AC,1,2,3
2015/2016,Frosinone,6,2,8
2015/2016,Górnik Łęczna,6,2,8
2015/2016,KV Kortrijk,8,2,10
2015/2016,KVC Westerlo,5,2,7
2015/2016,Lechia Gdańsk,8,2,10
2015/2016,N.E.C.,11,2,13
2015/2016,Newcastle United,7,2,9
2015/2016,Polonia Bytom,2,2,4
2015/2016,Sampdoria,8,2,10
2008/2009,Amadora,7,1,8
2008/2009,Arka Gdynia,6,1,7
2008/2009,CD Numancia,9,1,10
2008/2009,CF Os Belenenses,4,1,5
2008/2009,Catania,11,1,12
2008/2009,Cracovia,6,1,7
2008/2009,FC Luzern,8,1,9
2008/2009,FC Vaduz,4,1,5
2008/2009,FC Volendam,6,1,7
2008/2009,Heracles Almelo,6,1,7
2008/2009,Torino,7,1,8
2008/2009,Tubize,6,1,7
2008/2009,Vitória Setúbal,6,1,7
2008/2009,West Bromwich Albion,7,1,8
2009/2010,Burnley,7,1,8
2009/2010,CD Tenerife,8,1,9
2009/2010,Fulham,11,1,12
2009/2010,Grenoble Foot 38,4,1,5
2009/2010,Leixões SC,4,1,5
2009/2010,RKC Waalwijk,4,1,5
2009/2010,S.C. Olhanense,4,1,5
2009/2010,Sparta Rotterdam,5,1,6
2009/2010,Sporting Lokeren,4,1,5
2009/2010,Udinese,10,1,11
2009/2010,VVV-Venlo,7,1,8
2009/2010,West Ham United,7,1,8
2009/2010,Willem II,6,1,7
2009/2010,Śląsk Wrocław,7,1,8
2010/2011,AC Arles-Avignon,2,1,3
2010/2011,Beerschot AC,4,1,5
2010/2011,Brescia,6,1,7
2010/2011,Catania,11,1,12
2010/2011,Cracovia,7,1,8
2010/2011,GKS Bełchatów,9,1,10
2010/2011,KV Kortrijk,10,1,11
2010/2011,Lierse SK,3,1,4
2010/2011,VVV-Venlo,5,1,6
2011/2012,AJ Auxerre,6,1,7
2011/2012,Cracovia,3,1,4
2011/2012,FC Lausanne-Sports,7,1,8
2011/2012,FC Lorient,8,1,9
2011/2012,GKS Bełchatów,6,1,7
2011/2012,Jagiellonia Białystok,10,1,11
2011/2012,KVC Westerlo,4,1,5
2011/2012,Palermo,10,1,11
2011/2012,Racing Santander,3,1,4
2011/2012,Rio Ave FC,6,1,7
2011/2012,Sint-Truidense VV,2,1,3
2011/2012,Stade Brestois 29,7,1,8
2011/2012,"União de Leiria, SAD",4,1,5
2011/2012,VVV-Venlo,8,1,9
2011/2012,Valenciennes FC,11,1,12
2012/2013,Palermo,5,1,6
2012/2013,Roda JC Kerkrade,6,1,7
2012/2013,Sevilla FC,13,1,14
2012/2013,Vitória Setúbal,6,1,7
2013/2014,AC Ajaccio,3,1,4
2013/2014,CF Os Belenenses,5,1,6
2013/2014,Cagliari,8,1,9
2013/2014,Catania,7,1,8
2013/2014,Eintracht Braunschweig,5,1,6
2013/2014,FC Utrecht,10,1,11
2013/2014,KAA Gent,2,1,3
2013/2014,N.E.C.,4,1,5
2013/2014,Real Betis Balompié,5,1,6
2013/2014,Real Valladolid,6,1,7
2013/2014,S.C. Olhanense,5,1,6
2013/2014,Zagłębie Lubin,6,1,7
2014/2015,ADO Den Haag,8,1,9
2014/2015,Boavista FC,8,1,9
2014/2015,Cesena,3,1,4
2014/2015,FC Aarau,5,1,6
2014/2015,FC Dordrecht,3,1,4
2014/2015,FC Metz,6,1,7
2014/2015,Parma,5,1,6
2014/2015,Royal Excel Mouscron,6,1,7
2014/2015,Vitória Setúbal,6,1,7
2015/2016,Aston Villa,2,1,3
2015/2016,Hellas Verona,4,1,5
2015/2016,Levante UD,7,1,8
2015/2016,Oud-Heverlee Leuven,6,1,7
2015/2016,Rayo Vallecano,8,1,9
2015/2016,SC Cambuur,2,1,3
2015/2016,Uniao da Madeira,6,1,7
2008/2009,Jagiellonia Białystok,9,0,9
2008/2009,RAEC Mons,3,0,3
2008/2009,Valenciennes FC,10,0,10
2009/2010,Hull City,6,0,6
2010/2011,Arka Gdynia,6,0,6
2010/2011,Sporting Charleroi,4,0,4
2010/2011,Willem II,3,0,3
2011/2012,Excelsior,4,0,4
2011/2012,SV Zulte-Waregem,6,0,6
2012/2013,KSV Cercle Brugge,3,0,3
2012/2013,Korona Kielce,9,0,9
2012/2013,Willem II,5,0,5
2013/2014,Lierse SK,2,0,2
2013/2014,SC Cambuur,10,0,10
2013/2014,Waasland-Beveren,1,0,1
2013/2014,Widzew Łódź,5,0,5
2015/2016,Académica de Coimbra,5,0,5
2015/2016,Sevilla FC,14,0,14
